county_name,county_key,constituency_name,constituency_key,ward_name,ward_key,pot_school,cluster_key,village_name,village_code,treat,person_id,person_key,name,first_name,middle_name,last_name,nickname,hhh_name,two_digits,age,clan,hhh_phone,hhh_two_digits
Busia,101,Butula,101,Elugulu,101,ESIBEMBE PRI SCH,64,Mabanga A,101,2,First name Middle name Last Name / Nickname / Household Head name,1,First name Middle name Last Name,First name,Middle name,Last Name,Nickname,Household Head name,01,18,Clan,,01
Busia,101,Butula,101,Elugulu,101,KANJALA PRI SCH,20,Kanjala A,102,2,First name Middle name Last Name / Nickname / Household Head name,2,First name Middle name Last Name,First name,Middle name,Last Name,Nickname,Household Head name,02,18,Clan,,02
Busia,101,Butula,101,Kingandole,102,KINGANDOLE PRI SCH,36,Kingandole A,103,2,First name Middle name Last Name / Nickname / Household Head name,3,First name Middle name Last Name,First name,Middle name,Last Name,Nickname,Household Head name,03,18,Clan,,03
Busia,101,Butula,101,Marachi Central,103,BUSIADA PRI SCH,9,Bukhalalire,104,2,First name Middle name Last Name / Nickname / Household Head name,4,First name Middle name Last Name,First name,Middle name,Last Name,Nickname,Household Head name,04,18,Clan,,04
Busia,101,Butula,101,Marachi Central,103,NELAA PRI SCH,119,Nella East,105,2,First name Middle name Last Name / Nickname / Household Head name,5,First name Middle name Last Name,First name,Middle name,Last Name,Nickname,Household Head name,05,18,Clan,,05
Busia,101,Butula,101,Marachi East,104,KALALANI PRI SCH,252,Mulambo,106,2,First name Middle name Last Name / Nickname / Household Head name,6,First name Middle name Last Name,First name,Middle name,Last Name,Nickname,Household Head name,06,18,Clan,,06
Busia,101,Butula,101,Marachi North,105,ISONGO PRI SCH,47,Buduma B,108,2,First name Middle name Last Name / Nickname / Household Head name,7,First name Middle name Last Name,First name,Middle name,Last Name,Nickname,Household Head name,07,18,Clan,,07
Busia,101,Butula,101,Marachi North,105,ISONGO PRI SCH,47,Buduma D,109,2,First name Middle name Last Name / Nickname / Household Head name,8,First name Middle name Last Name,First name,Middle name,Last Name,Nickname,Household Head name,08,18,Clan,,08
Busia,101,Butula,101,Marachi North,105,SIRIBO PRI SCH,54,Siribo A,110,2,First name Middle name Last Name / Nickname / Household Head name,9,First name Middle name Last Name,First name,Middle name,Last Name,Nickname,Household Head name,09,18,Clan,,09
Busia,101,Butula,101,Marachi West,106,BUJUMBA PRI SCH,235,Bujumba,111,2,First name Middle name Last Name / Nickname / Household Head name,10,First name Middle name Last Name,First name,Middle name,Last Name,Nickname,Household Head name,10,18,Clan,,10
Busia,101,Butula,101,Marachi West,106,BUJUMBA PRI SCH,235,Bumina,112,2,First name Middle name Last Name / Nickname / Household Head name,11,First name Middle name Last Name,First name,Middle name,Last Name,Nickname,Household Head name,11,18,Clan,,11
Busia,101,Butula,101,Marachi West,106,SIFA SCHOOL,503,Ugaji B,113,2,First name Middle name Last Name / Nickname / Household Head name,12,First name Middle name Last Name,First name,Middle name,Last Name,Nickname,Household Head name,12,18,Clan,,12
Busia,101,Nambale,102,Bukhayo East,107,ELWANIKHA PRI,108,Elwanikha A,114,2,First name Middle name Last Name / Nickname / Household Head name,13,First name Middle name Last Name,First name,Middle name,Last Name,Nickname,Household Head name,13,18,Clan,,13
Busia,101,Nambale,102,Bukhayo East,107,ELWANIKHA PRI,108,Karungu,115,2,First name Middle name Last Name / Nickname / Household Head name,14,First name Middle name Last Name,First name,Middle name,Last Name,Nickname,Household Head name,14,18,Clan,,14
Busia,101,Nambale,102,Bukhayo East,107,EMAKINA PRI,306,Emakina,116,2,First name Middle name Last Name / Nickname / Household Head name,15,First name Middle name Last Name,First name,Middle name,Last Name,Nickname,Household Head name,15,18,Clan,,15
Busia,101,Nambale,102,Bukhayo East,107,MADIBO PRI,169,Madibo Central,117,2,First name Middle name Last Name / Nickname / Household Head name,16,First name Middle name Last Name,First name,Middle name,Last Name,Nickname,Household Head name,16,18,Clan,,16
Busia,101,Nambale,102,Bukhayo East,107,MADIBO PRI,169,Nangeni A,118,2,First name Middle name Last Name / Nickname / Household Head name,17,First name Middle name Last Name,First name,Middle name,Last Name,Nickname,Household Head name,17,18,Clan,,17
Busia,101,Nambale,102,Bukhayo North/Waltsi,108,DULIENGE PRI,249,Dulienge B,119,2,First name Middle name Last Name / Nickname / Household Head name,18,First name Middle name Last Name,First name,Middle name,Last Name,Nickname,Household Head name,18,18,Clan,,18
Busia,101,Nambale,102,Bukhayo North/Waltsi,108,DULIENGE PRI,249,Nambere,120,2,First name Middle name Last Name / Nickname / Household Head name,19,First name Middle name Last Name,First name,Middle name,Last Name,Nickname,Household Head name,19,18,Clan,,19
Busia,101,Nambale,102,Bukhayo North/Waltsi,108,KOKARE PRI SCH,186,Atoot,121,2,First name Middle name Last Name / Nickname / Household Head name,20,First name Middle name Last Name,First name,Middle name,Last Name,Nickname,Household Head name,20,18,Clan,,20
Busia,101,Nambale,102,Bukhayo North/Waltsi,108,KOKARE PRI SCH,186,Mashambani,122,2,First name Middle name Last Name / Nickname / Household Head name,21,First name Middle name Last Name,First name,Middle name,Last Name,Nickname,Household Head name,21,18,Clan,,21
Busia,101,Nambale,102,Bukhayo North/Waltsi,108,MUSOKOTO DEB PRI,234,Makutano,123,2,First name Middle name Last Name / Nickname / Household Head name,22,First name Middle name Last Name,First name,Middle name,Last Name,Nickname,Household Head name,22,18,Clan,,22
Busia,101,Nambale,102,Bukhayo North/Waltsi,108,MUSOKOTO DEB PRI,234,Walatsi,124,2,First name Middle name Last Name / Nickname / Household Head name,23,First name Middle name Last Name,First name,Middle name,Last Name,Nickname,Household Head name,23,18,Clan,,23
Busia,101,Nambale,102,Nambale Township,109,MATUNDA PAROCHIAL PRI SCH,459,Segero c,125,2,First name Middle name Last Name / Nickname / Household Head name,24,First name Middle name Last Name,First name,Middle name,Last Name,Nickname,Household Head name,24,18,Clan,,24
Busia,101,Nambale,102,Nambale Township,109,ST MARY'S NAMBALE PRI,141,Centre C,126,2,First name Middle name Last Name / Nickname / Household Head name,25,First name Middle name Last Name,First name,Middle name,Last Name,Nickname,Household Head name,25,18,Clan,,25
Busia,101,Teso North,103,Ang'Urai East,110,KAWALUN PRI SCH,293,Korisai,127,2,First name Middle name Last Name / Nickname / Household Head name,26,First name Middle name Last Name,First name,Middle name,Last Name,Nickname,Household Head name,26,18,Clan,,26
Busia,101,Teso North,103,Ang'Urai East,110,MATUMBAI SA PRI SCH,392,Kopiya,128,2,First name Middle name Last Name / Nickname / Household Head name,27,First name Middle name Last Name,First name,Middle name,Last Name,Nickname,Household Head name,27,18,Clan,,27
Busia,101,Teso North,103,Ang'Urai North,111,KAKURIKIT PRI SCH,17,Akiriamet,129,2,First name Middle name Last Name / Nickname / Household Head name,28,First name Middle name Last Name,First name,Middle name,Last Name,Nickname,Household Head name,28,18,Clan,,28
Busia,101,Teso North,103,Ang'Urai South,112,ABOLOI PRI SCH,299,Gormait,130,2,First name Middle name Last Name / Nickname / Household Head name,29,First name Middle name Last Name,First name,Middle name,Last Name,Nickname,Household Head name,29,18,Clan,,29
Busia,101,Teso North,103,Ang'Urai South,112,ABOLOI PRI SCH,299,Otubokin,131,2,First name Middle name Last Name / Nickname / Household Head name,30,First name Middle name Last Name,First name,Middle name,Last Name,Nickname,Household Head name,30,18,Clan,,30
Busia,101,Teso North,103,Ang'Urai South,112,AKICHELESIT PRI SCH,147,Aburikode,132,2,First name Middle name Last Name / Nickname / Household Head name,31,First name Middle name Last Name,First name,Middle name,Last Name,Nickname,Household Head name,31,18,Clan,,31
Busia,101,Teso North,103,Ang'Urai South,112,AKICHELESIT PRI SCH,147,Kilabruk,133,2,First name Middle name Last Name / Nickname / Household Head name,32,First name Middle name Last Name,First name,Middle name,Last Name,Nickname,Household Head name,32,18,Clan,,32
Busia,101,Teso North,103,Ang'Urai South,112,RWATAMA PRI SCH,231,Atapara,134,2,First name Middle name Last Name / Nickname / Household Head name,33,First name Middle name Last Name,First name,Middle name,Last Name,Nickname,Household Head name,33,18,Clan,,33
Busia,101,Teso North,103,Ang'Urai South,112,RWATAMA PRI SCH,231,Otekwa,135,2,First name Middle name Last Name / Nickname / Household Head name,34,First name Middle name Last Name,First name,Middle name,Last Name,Nickname,Household Head name,34,18,Clan,,34
Busia,101,Teso North,103,Malaba Central,113,OKULEU PRI SCH,129,Agonget B,136,2,First name Middle name Last Name / Nickname / Household Head name,35,First name Middle name Last Name,First name,Middle name,Last Name,Nickname,Household Head name,35,18,Clan,,35
Busia,101,Teso North,103,Malaba Central,113,WIMAR PRI SCH,492,Akadeteway A,137,2,First name Middle name Last Name / Nickname / Household Head name,36,First name Middle name Last Name,First name,Middle name,Last Name,Nickname,Household Head name,36,18,Clan,,36
Busia,101,Teso North,103,Malaba South,114,ADURUKOIT PRI SCH,238,Koteko A,138,2,First name Middle name Last Name / Nickname / Household Head name,37,First name Middle name Last Name,First name,Middle name,Last Name,Nickname,Household Head name,37,18,Clan,,37
Busia,101,Teso North,103,Malaba South,114,KATANYU PRI SCH,184,Aguru A,139,2,First name Middle name Last Name / Nickname / Household Head name,38,First name Middle name Last Name,First name,Middle name,Last Name,Nickname,Household Head name,38,18,Clan,,38
Busia,101,Teso North,103,Malaba South,114,KATANYU PRI SCH,184,Aguru B,140,2,First name Middle name Last Name / Nickname / Household Head name,39,First name Middle name Last Name,First name,Middle name,Last Name,Nickname,Household Head name,39,18,Clan,,39
Busia,101,Teso South,104,Amukura East,115,KAMUNOIT PRI SCH,43,Atutur,141,2,First name Middle name Last Name / Nickname / Household Head name,40,First name Middle name Last Name,First name,Middle name,Last Name,Nickname,Household Head name,40,18,Clan,,40
Busia,101,Teso South,104,Amukura West,116,KAKIRIAMAS PRI SCH,502,Akiriamas,142,2,First name Middle name Last Name / Nickname / Household Head name,41,First name Middle name Last Name,First name,Middle name,Last Name,Nickname,Household Head name,41,18,Clan,,41
Busia,101,Teso South,104,Ang'Orom,117,ST. BENADITTE OJAMII S.U,491,International b,143,2,First name Middle name Last Name / Nickname / Household Head name,42,First name Middle name Last Name,First name,Middle name,Last Name,Nickname,Household Head name,42,18,Clan,,42
Busia,101,Teso South,104,Chakol North,118,ACIIT PRI SCH,172,Omuye,144,2,First name Middle name Last Name / Nickname / Household Head name,43,First name Middle name Last Name,First name,Middle name,Last Name,Nickname,Household Head name,43,18,Clan,,43
Busia,101,Teso South,104,Chakol North,118,AKITES PRI SCH,33,Okwata,145,2,First name Middle name Last Name / Nickname / Household Head name,44,First name Middle name Last Name,First name,Middle name,Last Name,Nickname,Household Head name,44,18,Clan,,44
Busia,101,Teso South,104,Chakol North,118,AKITES PRI SCH,33,Pareter,146,2,First name Middle name Last Name / Nickname / Household Head name,45,First name Middle name Last Name,First name,Middle name,Last Name,Nickname,Household Head name,45,18,Clan,,45
Busia,101,Teso South,104,Chakol North,118,MORUKAMOSING PRI SCH,197,Akites,147,2,First name Middle name Last Name / Nickname / Household Head name,46,First name Middle name Last Name,First name,Middle name,Last Name,Nickname,Household Head name,46,18,Clan,,46
Busia,101,Teso South,104,Chakol North,118,MORUKAMOSING PRI SCH,197,Kamosing,148,2,First name Middle name Last Name / Nickname / Household Head name,47,First name Middle name Last Name,First name,Middle name,Last Name,Nickname,Household Head name,47,18,Clan,,47
Busia,101,Teso South,104,Chakol South,119,KEMODO PRI SCH,476,Otimong,149,2,First name Middle name Last Name / Nickname / Household Head name,48,First name Middle name Last Name,First name,Middle name,Last Name,Nickname,Household Head name,48,18,Clan,,48
Busia,101,Teso South,104,Chakol South,119,OBUCUUN PRI SCH,213,Asiipet,150,2,First name Middle name Last Name / Nickname / Household Head name,49,First name Middle name Last Name,First name,Middle name,Last Name,Nickname,Household Head name,49,18,Clan,,49
Kakamega,102,Butere,105,Marama Central,120,Ebuyoka Academy,570,Ebuambi,151,3,First name Middle name Last Name / Nickname / Household Head name,50,First name Middle name Last Name,First name,Middle name,Last Name,Nickname,Household Head name,50,18,Clan,,50
Kakamega,102,Butere,105,Marama Central,120,Ebuyoka Academy,570,Emakongolo,152,3,First name Middle name Last Name / Nickname / Household Head name,51,First name Middle name Last Name,First name,Middle name,Last Name,Nickname,Household Head name,51,18,Clan,,51
Kakamega,102,Butere,105,Marama North,121,Mwilala Primary,551,Ebusitso,153,3,First name Middle name Last Name / Nickname / Household Head name,52,First name Middle name Last Name,First name,Middle name,Last Name,Nickname,Household Head name,52,18,Clan,,52
Kakamega,102,Butere,105,Marama North,121,Mwilala Primary,551,Eshishebu,154,3,First name Middle name Last Name / Nickname / Household Head name,53,First name Middle name Last Name,First name,Middle name,Last Name,Nickname,Household Head name,53,18,Clan,,53
Kakamega,102,Butere,105,Marama South,122,Ebukuti,605,Munanga,155,3,First name Middle name Last Name / Nickname / Household Head name,54,First name Middle name Last Name,First name,Middle name,Last Name,Nickname,Household Head name,54,18,Clan,,54
Kakamega,102,Butere,105,Marama South,122,Ebukuti,605,Shikhonga,156,3,First name Middle name Last Name / Nickname / Household Head name,55,First name Middle name Last Name,First name,Middle name,Last Name,Nickname,Household Head name,55,18,Clan,,55
Kakamega,102,Butere,105,Marama South,122,Eshishebu Primary,589,Emaiga,157,3,First name Middle name Last Name / Nickname / Household Head name,56,First name Middle name Last Name,First name,Middle name,Last Name,Nickname,Household Head name,56,18,Clan,,56
Kakamega,102,Butere,105,Marama South,122,Eshishebu Primary,589,Eshitsakha,158,3,First name Middle name Last Name / Nickname / Household Head name,57,First name Middle name Last Name,First name,Middle name,Last Name,Nickname,Household Head name,57,18,Clan,,57
Kakamega,102,Butere,105,Marama West,123,Lunza Primary,587,Emulore,159,3,First name Middle name Last Name / Nickname / Household Head name,58,First name Middle name Last Name,First name,Middle name,Last Name,Nickname,Household Head name,58,18,Clan,,58
Kakamega,102,Butere,105,Marama West,123,Lunza Primary,587,Shitoyi,160,3,First name Middle name Last Name / Nickname / Household Head name,59,First name Middle name Last Name,First name,Middle name,Last Name,Nickname,Household Head name,59,18,Clan,,59
Kakamega,102,Butere,105,Marama West,123,Manyika Primary,517,Mukhura,161,3,First name Middle name Last Name / Nickname / Household Head name,60,First name Middle name Last Name,First name,Middle name,Last Name,Nickname,Household Head name,60,18,Clan,,60
Kakamega,102,Butere,105,Marenyo - Shianda,124,Eshisisia P School,555,Eshikwata,162,3,First name Middle name Last Name / Nickname / Household Head name,61,First name Middle name Last Name,First name,Middle name,Last Name,Nickname,Household Head name,61,18,Clan,,61
Kakamega,102,Butere,105,Marenyo - Shianda,124,Eshisisia P School,555,Maring'a,163,3,First name Middle name Last Name / Nickname / Household Head name,62,First name Middle name Last Name,First name,Middle name,Last Name,Nickname,Household Head name,62,18,Clan,,62
Kakamega,102,Ikolomani,106,Idakho Central,125,Shirumba Primary,1008,Ikhooli,164,3,First name Middle name Last Name / Nickname / Household Head name,63,First name Middle name Last Name,First name,Middle name,Last Name,Nickname,Household Head name,63,18,Clan,,63
Kakamega,102,Ikolomani,106,Idakho Central,125,The Imani Springs,1026,Burendwa village,165,3,First name Middle name Last Name / Nickname / Household Head name,64,First name Middle name Last Name,First name,Middle name,Last Name,Nickname,Household Head name,64,18,Clan,,64
Kakamega,102,Ikolomani,106,Idakho Central,125,The Imani Springs,1026,Ibutura village,166,3,First name Middle name Last Name / Nickname / Household Head name,65,First name Middle name Last Name,First name,Middle name,Last Name,Nickname,Household Head name,65,18,Clan,,65
Kakamega,102,Ikolomani,106,Idakho North,126,Mukangu Primary,1014,Masitsi village,167,3,First name Middle name Last Name / Nickname / Household Head name,66,First name Middle name Last Name,First name,Middle name,Last Name,Nickname,Household Head name,66,18,Clan,,66
Kakamega,102,Ikolomani,106,Idakho South,127,Shanjetso Primary,1055,Kasavai,168,3,First name Middle name Last Name / Nickname / Household Head name,67,First name Middle name Last Name,First name,Middle name,Last Name,Nickname,Household Head name,67,18,Clan,,67
Kakamega,102,Khwisero,107,Kisa Central,128,Mushiangubu,1101,Eshiatieta,169,3,First name Middle name Last Name / Nickname / Household Head name,68,First name Middle name Last Name,First name,Middle name,Last Name,Nickname,Household Head name,68,18,Clan,,68
Kakamega,102,Khwisero,107,Kisa Central,128,Mushiangubu,1101,Mushikulu,170,3,First name Middle name Last Name / Nickname / Household Head name,69,First name Middle name Last Name,First name,Middle name,Last Name,Nickname,Household Head name,69,18,Clan,,69
Kakamega,102,Khwisero,107,Kisa Central,128,Shiongo Primary,1120,Ebukwala,171,3,First name Middle name Last Name / Nickname / Household Head name,70,First name Middle name Last Name,First name,Middle name,Last Name,Nickname,Household Head name,70,18,Clan,,70
Kakamega,102,Khwisero,107,Kisa East,129,Misango View Preparatory,1059,Shikwata,172,3,First name Middle name Last Name / Nickname / Household Head name,71,First name Middle name Last Name,First name,Middle name,Last Name,Nickname,Household Head name,71,18,Clan,,71
Kakamega,102,Khwisero,107,Kisa East,129,St Paul 'S Buhili,1072,Evuantha,173,3,First name Middle name Last Name / Nickname / Household Head name,72,First name Middle name Last Name,First name,Middle name,Last Name,Nickname,Household Head name,72,18,Clan,,72
Kakamega,102,Khwisero,107,Kisa North,130,Eshilibo Primary,648,Emulole mwiluechina,174,3,First name Middle name Last Name / Nickname / Household Head name,73,First name Middle name Last Name,First name,Middle name,Last Name,Nickname,Household Head name,73,18,Clan,,73
Kakamega,102,Khwisero,107,Kisa West,131,Ikomero Primary,1093,Manyulia,175,3,First name Middle name Last Name / Nickname / Household Head name,74,First name Middle name Last Name,First name,Middle name,Last Name,Nickname,Household Head name,74,18,Clan,,74
Kakamega,102,Lugari,108,Chevaywa,132,Chepusai Primary,1147,Mukhuyu,176,3,First name Middle name Last Name / Nickname / Household Head name,75,First name Middle name Last Name,First name,Middle name,Last Name,Nickname,Household Head name,75,18,Clan,,75
Kakamega,102,Lugari,108,Lwandeti,133,Makina Primary,1167,Shiandiche A,177,3,First name Middle name Last Name / Nickname / Household Head name,76,First name Middle name Last Name,First name,Middle name,Last Name,Nickname,Household Head name,76,18,Clan,,76
Kakamega,102,Lurambi,109,Butsotso Central,134,Cornerstone Academy,630,Emulele,178,3,First name Middle name Last Name / Nickname / Household Head name,77,First name Middle name Last Name,First name,Middle name,Last Name,Nickname,Household Head name,77,18,Clan,,77
Kakamega,102,Lurambi,109,Butsotso Central,134,Ematetie Primary,657,Emahungu,179,3,First name Middle name Last Name / Nickname / Household Head name,78,First name Middle name Last Name,First name,Middle name,Last Name,Nickname,Household Head name,78,18,Clan,,78
Kakamega,102,Lurambi,109,Butsotso South,135,Emulundu,624,Emuhurwi,180,3,First name Middle name Last Name / Nickname / Household Head name,79,First name Middle name Last Name,First name,Middle name,Last Name,Nickname,Household Head name,79,18,Clan,,79
Kakamega,102,Lurambi,109,Butsotso South,135,Emulundu,624,Eshitari,181,3,First name Middle name Last Name / Nickname / Household Head name,80,First name Middle name Last Name,First name,Middle name,Last Name,Nickname,Household Head name,80,18,Clan,,80
Kakamega,102,Lurambi,109,Sheywe,136,Emusala Special Unit.,631,Sakali,182,3,First name Middle name Last Name / Nickname / Household Head name,81,First name Middle name Last Name,First name,Middle name,Last Name,Nickname,Household Head name,81,18,Clan,,81
Kakamega,102,Lurambi,109,Sheywe,136,Shamtas J Academy,678,Jua Kali township,183,3,First name Middle name Last Name / Nickname / Household Head name,82,First name Middle name Last Name,First name,Middle name,Last Name,Nickname,Household Head name,82,18,Clan,,82
Kakamega,102,Malava,110,Butali/Chegulo,137,Joyspring Academy Matsakha,830,Matsakha B,184,3,First name Middle name Last Name / Nickname / Household Head name,83,First name Middle name Last Name,First name,Middle name,Last Name,Nickname,Household Head name,83,18,Clan,,83
Kakamega,102,Malava,110,Butali/Chegulo,137,Mahusi Primary,834,Luyeshe,185,3,First name Middle name Last Name / Nickname / Household Head name,84,First name Middle name Last Name,First name,Middle name,Last Name,Nickname,Household Head name,84,18,Clan,,84
Kakamega,102,Malava,110,Butali/Chegulo,137,Philip Academy Nambilima,1152,Makuche,186,3,First name Middle name Last Name / Nickname / Household Head name,85,First name Middle name Last Name,First name,Middle name,Last Name,Nickname,Household Head name,85,18,Clan,,85
Kakamega,102,Malava,110,Butali/Chegulo,137,Star Academy Kabras Central,835,Tande,187,3,First name Middle name Last Name / Nickname / Household Head name,86,First name Middle name Last Name,First name,Middle name,Last Name,Nickname,Household Head name,86,18,Clan,,86
Kakamega,102,Malava,110,Chemuche,138,Munyanya,882,Lugusi B,188,3,First name Middle name Last Name / Nickname / Household Head name,87,First name Middle name Last Name,First name,Middle name,Last Name,Nickname,Household Head name,87,18,Clan,,87
Kakamega,102,Malava,110,Chemuche,138,Notredem,868,Samululi,189,3,First name Middle name Last Name / Nickname / Household Head name,88,First name Middle name Last Name,First name,Middle name,Last Name,Nickname,Household Head name,88,18,Clan,,88
Kakamega,102,Malava,110,East Kabras,139,Kuvasali,844,Mache B,190,3,First name Middle name Last Name / Nickname / Household Head name,89,First name Middle name Last Name,First name,Middle name,Last Name,Nickname,Household Head name,89,18,Clan,,89
Kakamega,102,Malava,110,East Kabras,139,Kuvasali,844,Shikulu,191,3,First name Middle name Last Name / Nickname / Household Head name,90,First name Middle name Last Name,First name,Middle name,Last Name,Nickname,Household Head name,90,18,Clan,,90
Kakamega,102,Malava,110,East Kabras,139,Soi Academy,870,Mukhuyu,176,3,First name Middle name Last Name / Nickname / Household Head name,91,First name Middle name Last Name,First name,Middle name,Last Name,Nickname,Household Head name,91,18,Clan,,91
Kakamega,102,Malava,110,Manda-Shivanga,140,Center Academy,910,Bondeni,192,3,First name Middle name Last Name / Nickname / Household Head name,92,First name Middle name Last Name,First name,Middle name,Last Name,Nickname,Household Head name,92,18,Clan,,92
Kakamega,102,Malava,110,Manda-Shivanga,140,Chimoi Mhm Primary,1163,Mulimani A,193,3,First name Middle name Last Name / Nickname / Household Head name,93,First name Middle name Last Name,First name,Middle name,Last Name,Nickname,Household Head name,93,18,Clan,,93
Kakamega,102,Malava,110,Shirugu-Mugai,141,Chombeli Ecd,979,Chombeli South,194,3,First name Middle name Last Name / Nickname / Household Head name,94,First name Middle name Last Name,First name,Middle name,Last Name,Nickname,Household Head name,94,18,Clan,,94
Kakamega,102,Malava,110,South Kabras,142,Ingavira Primary,954,Shamoni A,195,3,First name Middle name Last Name / Nickname / Household Head name,95,First name Middle name Last Name,First name,Middle name,Last Name,Nickname,Household Head name,95,18,Clan,,95
Kakamega,102,Malava,110,South Kabras,142,Ingwe Primary,921,Lukala C,196,3,First name Middle name Last Name / Nickname / Household Head name,96,First name Middle name Last Name,First name,Middle name,Last Name,Nickname,Household Head name,96,18,Clan,,96
Kakamega,102,Malava,110,South Kabras,142,Lusumu K Primary,929,Lusumu,197,3,First name Middle name Last Name / Nickname / Household Head name,97,First name Middle name Last Name,First name,Middle name,Last Name,Nickname,Household Head name,97,18,Clan,,97
Kakamega,102,Malava,110,South Kabras,142,St Gerald,951,shanda A,198,3,First name Middle name Last Name / Nickname / Household Head name,98,First name Middle name Last Name,First name,Middle name,Last Name,Nickname,Household Head name,98,18,Clan,,98
Kakamega,102,Matungu,111,Khalaba,143,Mentor Brainer,1254,Busombi,199,3,First name Middle name Last Name / Nickname / Household Head name,99,First name Middle name Last Name,First name,Middle name,Last Name,Nickname,Household Head name,99,18,Clan,,99
Kakamega,102,Matungu,111,Khalaba,143,Mentor Brainer,1254,Khirale,200,3,First name Middle name Last Name / Nickname / Household Head name,100,First name Middle name Last Name,First name,Middle name,Last Name,Nickname,Household Head name,100,18,Clan,,100
Kakamega,102,Matungu,111,Khalaba,143,St Emmanuel Lutasio,1261,Namungu,201,3,First name Middle name Last Name / Nickname / Household Head name,101,First name Middle name Last Name,First name,Middle name,Last Name,Nickname,Household Head name,101,18,Clan,,101
Kakamega,102,Matungu,111,Khalaba,143,St Emmanuel Lutasio,1261,Wefwira,202,3,First name Middle name Last Name / Nickname / Household Head name,102,First name Middle name Last Name,First name,Middle name,Last Name,Nickname,Household Head name,102,18,Clan,,102
Kakamega,102,Matungu,111,Kholera,144,Mukhweya,1219,Mukhweya B,203,3,First name Middle name Last Name / Nickname / Household Head name,103,First name Middle name Last Name,First name,Middle name,Last Name,Nickname,Household Head name,103,18,Clan,,103
Kakamega,102,Matungu,111,Kholera,144,St Magdalene Academy,1244,Khabukoshia A,204,3,First name Middle name Last Name / Nickname / Household Head name,104,First name Middle name Last Name,First name,Middle name,Last Name,Nickname,Household Head name,104,18,Clan,,104
Kakamega,102,Matungu,111,Koyonzo,145,Eshikhondi,1247,Ngairwe A,205,3,First name Middle name Last Name / Nickname / Household Head name,105,First name Middle name Last Name,First name,Middle name,Last Name,Nickname,Household Head name,105,18,Clan,,105
Kakamega,102,Matungu,111,Koyonzo,145,Eshikhondi,1247,Ngairwe B,206,3,First name Middle name Last Name / Nickname / Household Head name,106,First name Middle name Last Name,First name,Middle name,Last Name,Nickname,Household Head name,106,18,Clan,,106
Kakamega,102,Matungu,111,Koyonzo,145,Ikulumwoyo Primary,1236,Bukhutu A,207,3,First name Middle name Last Name / Nickname / Household Head name,107,First name Middle name Last Name,First name,Middle name,Last Name,Nickname,Household Head name,107,18,Clan,,107
Kakamega,102,Matungu,111,Koyonzo,145,St Margarets Memorial,1245,Eshirumbwe A,208,3,First name Middle name Last Name / Nickname / Household Head name,108,First name Middle name Last Name,First name,Middle name,Last Name,Nickname,Household Head name,108,18,Clan,,108
Kakamega,102,Matungu,111,Mayoni,146,Munanga,1201,Emulole,209,3,First name Middle name Last Name / Nickname / Household Head name,109,First name Middle name Last Name,First name,Middle name,Last Name,Nickname,Household Head name,109,18,Clan,,109
Kakamega,102,Matungu,111,Mayoni,146,St Mathias Kholera Primary,1242,Kholera,210,3,First name Middle name Last Name / Nickname / Household Head name,110,First name Middle name Last Name,First name,Middle name,Last Name,Nickname,Household Head name,110,18,Clan,,110
Kakamega,102,Matungu,111,Namamali,147,Namamali Muslim Primary,1216,Lukala,211,3,First name Middle name Last Name / Nickname / Household Head name,111,First name Middle name Last Name,First name,Middle name,Last Name,Nickname,Household Head name,111,18,Clan,,111
Kakamega,102,Matungu,111,Namamali,147,Namamali Muslim Primary,1216,Namaviakala,212,3,First name Middle name Last Name / Nickname / Household Head name,112,First name Middle name Last Name,First name,Middle name,Last Name,Nickname,Household Head name,112,18,Clan,,112
Kakamega,102,Matungu,111,Namamali,147,Suwo Primary,1234,Namberekeya,213,3,First name Middle name Last Name / Nickname / Household Head name,113,First name Middle name Last Name,First name,Middle name,Last Name,Nickname,Household Head name,113,18,Clan,,113
Kakamega,102,Mumias East,112,East Wanga,148,Ebungale Primary,1289,Buloma c,214,3,First name Middle name Last Name / Nickname / Household Head name,114,First name Middle name Last Name,First name,Middle name,Last Name,Nickname,Household Head name,114,18,Clan,,114
Kakamega,102,Mumias East,112,East Wanga,148,Namundera,1393,Sikata Village,215,3,First name Middle name Last Name / Nickname / Household Head name,115,First name Middle name Last Name,First name,Middle name,Last Name,Nickname,Household Head name,115,18,Clan,,115
Kakamega,102,Mumias East,112,East Wanga,148,Namundera,1393,Sipanga,216,3,First name Middle name Last Name / Nickname / Household Head name,116,First name Middle name Last Name,First name,Middle name,Last Name,Nickname,Household Head name,116,18,Clan,,116
Kakamega,102,Mumias East,112,Lusheya/Lubinu,149,Clever Bee Academy,1304,Musoma,217,3,First name Middle name Last Name / Nickname / Household Head name,117,First name Middle name Last Name,First name,Middle name,Last Name,Nickname,Household Head name,117,18,Clan,,117
Kakamega,102,Mumias East,112,Malaha/Isongo/Makunga,150,Muroni,1272,Nanyundo,218,3,First name Middle name Last Name / Nickname / Household Head name,118,First name Middle name Last Name,First name,Middle name,Last Name,Nickname,Household Head name,118,18,Clan,,118
Kakamega,102,Mumias East,112,Malaha/Isongo/Makunga,150,Muroni,1272,Nderema,219,3,First name Middle name Last Name / Nickname / Household Head name,119,First name Middle name Last Name,First name,Middle name,Last Name,Nickname,Household Head name,119,18,Clan,,119
Kakamega,102,Mumias West,113,Etenje,151,Nyapeta Primary,1347,Mukhweso A,220,3,First name Middle name Last Name / Nickname / Household Head name,120,First name Middle name Last Name,First name,Middle name,Last Name,Nickname,Household Head name,120,18,Clan,,120
Kakamega,102,Mumias West,113,Etenje,151,Nyapeta Primary,1347,Mukhweso C,221,3,First name Middle name Last Name / Nickname / Household Head name,121,First name Middle name Last Name,First name,Middle name,Last Name,Nickname,Household Head name,121,18,Clan,,121
Kakamega,102,Mumias West,113,Mumias Central,152,Fields Of Life Education Centre,1323,Emasanga,222,3,First name Middle name Last Name / Nickname / Household Head name,122,First name Middle name Last Name,First name,Middle name,Last Name,Nickname,Household Head name,122,18,Clan,,122
Kakamega,102,Mumias West,113,Mumias Central,152,Shibale Primary,1313,WetavaA,223,3,First name Middle name Last Name / Nickname / Household Head name,123,First name Middle name Last Name,First name,Middle name,Last Name,Nickname,Household Head name,123,18,Clan,,123
Kakamega,102,Mumias West,113,Musanda,153,Eshihaka P School,1370,Eshitindi,224,3,First name Middle name Last Name / Nickname / Household Head name,124,First name Middle name Last Name,First name,Middle name,Last Name,Nickname,Household Head name,124,18,Clan,,124
Kakamega,102,Mumias West,113,Musanda,153,Holy Eden Academy,1355,Eshikalame,225,3,First name Middle name Last Name / Nickname / Household Head name,125,First name Middle name Last Name,First name,Middle name,Last Name,Nickname,Household Head name,125,18,Clan,,125
Kakamega,102,Mumias West,113,Musanda,153,Holy Eden Academy,1355,Eshikangu,226,3,First name Middle name Last Name / Nickname / Household Head name,126,First name Middle name Last Name,First name,Middle name,Last Name,Nickname,Household Head name,126,18,Clan,,126
Kakamega,102,Navakholo,114,Bunyala Central,154,Buchangu,1442,Musabale B,227,3,First name Middle name Last Name / Nickname / Household Head name,127,First name Middle name Last Name,First name,Middle name,Last Name,Nickname,Household Head name,127,18,Clan,,127
Kakamega,102,Navakholo,114,Bunyala East,155,New Life Lutaso,1426,Lutaso village,228,3,First name Middle name Last Name / Nickname / Household Head name,128,First name Middle name Last Name,First name,Middle name,Last Name,Nickname,Household Head name,128,18,Clan,,128
Kakamega,102,Navakholo,114,Bunyala West,156,Kisembe Primary,1406,Kisembe,229,3,First name Middle name Last Name / Nickname / Household Head name,129,First name Middle name Last Name,First name,Middle name,Last Name,Nickname,Household Head name,129,18,Clan,,129
Kakamega,102,Navakholo,114,Bunyala West,156,Mukama Primary,1389,Jimu,230,3,First name Middle name Last Name / Nickname / Household Head name,130,First name Middle name Last Name,First name,Middle name,Last Name,Nickname,Household Head name,130,18,Clan,,130
Kakamega,102,Navakholo,114,Bunyala West,156,Mukama Primary,1389,Sisokhe A,231,3,First name Middle name Last Name / Nickname / Household Head name,131,First name Middle name Last Name,First name,Middle name,Last Name,Nickname,Household Head name,131,18,Clan,,131
Kakamega,102,Navakholo,114,Ingostse-Mathia,157,Sirigoi,1451,Mwebeni,232,3,First name Middle name Last Name / Nickname / Household Head name,132,First name Middle name Last Name,First name,Middle name,Last Name,Nickname,Household Head name,132,18,Clan,,132
Kakamega,102,Navakholo,114,Shinoyi-Shikomari-Esumeyia,158,Esumeyia Primary,1449,Eburenga,233,3,First name Middle name Last Name / Nickname / Household Head name,133,First name Middle name Last Name,First name,Middle name,Last Name,Nickname,Household Head name,133,18,Clan,,133
Kakamega,102,Shinyalu,115,Isukha Central,159,Brother Richard Davidson Academy,789,Lugala Village,234,3,First name Middle name Last Name / Nickname / Household Head name,134,First name Middle name Last Name,First name,Middle name,Last Name,Nickname,Household Head name,134,18,Clan,,134
Kakamega,102,Shinyalu,115,Isukha Central,159,Isecheno Primary,781,Isecheno,235,3,First name Middle name Last Name / Nickname / Household Head name,135,First name Middle name Last Name,First name,Middle name,Last Name,Nickname,Household Head name,135,18,Clan,,135
Kakamega,102,Shinyalu,115,Isukha East,160,Friends Vikoshe Primary,715,Chirobani,236,3,First name Middle name Last Name / Nickname / Household Head name,136,First name Middle name Last Name,First name,Middle name,Last Name,Nickname,Household Head name,136,18,Clan,,136
Kakamega,102,Shinyalu,115,Isukha East,160,Lukusi,735,Sangali Village,237,3,First name Middle name Last Name / Nickname / Household Head name,137,First name Middle name Last Name,First name,Middle name,Last Name,Nickname,Household Head name,137,18,Clan,,137
Kakamega,102,Shinyalu,115,Isukha East,160,Mukhuyu Pefa,737,Vihiga A,238,3,First name Middle name Last Name / Nickname / Household Head name,138,First name Middle name Last Name,First name,Middle name,Last Name,Nickname,Household Head name,138,18,Clan,,138
Kakamega,102,Shinyalu,115,Isukha East,160,Singila,718,Mukhuru,239,3,First name Middle name Last Name / Nickname / Household Head name,139,First name Middle name Last Name,First name,Middle name,Last Name,Nickname,Household Head name,139,18,Clan,,139
Kakamega,102,Shinyalu,115,Isukha North,161,Goodwill Academy Lubao,729,Shilongo,240,3,First name Middle name Last Name / Nickname / Household Head name,140,First name Middle name Last Name,First name,Middle name,Last Name,Nickname,Household Head name,140,18,Clan,,140
Kakamega,102,Shinyalu,115,Isukha North,161,Victory Academy Ileho,738,Magale,241,3,First name Middle name Last Name / Nickname / Household Head name,141,First name Middle name Last Name,First name,Middle name,Last Name,Nickname,Household Head name,141,18,Clan,,141
Kakamega,102,Shinyalu,115,Isukha South,162,Kwirenyi,779,Ivuyi,242,3,First name Middle name Last Name / Nickname / Household Head name,142,First name Middle name Last Name,First name,Middle name,Last Name,Nickname,Household Head name,142,18,Clan,,142
Kakamega,102,Shinyalu,115,Isukha South,162,Shidodo Primary,798,Shiruli,243,3,First name Middle name Last Name / Nickname / Household Head name,143,First name Middle name Last Name,First name,Middle name,Last Name,Nickname,Household Head name,143,18,Clan,,143
Kakamega,102,Shinyalu,115,Isukha South,162,St Peters Shirulu,807,Irobo,244,3,First name Middle name Last Name / Nickname / Household Head name,144,First name Middle name Last Name,First name,Middle name,Last Name,Nickname,Household Head name,144,18,Clan,,144
Kakamega,102,Shinyalu,115,Murhanda,163,Shamiloli Primary,796,Ondolo,245,3,First name Middle name Last Name / Nickname / Household Head name,145,First name Middle name Last Name,First name,Middle name,Last Name,Nickname,Household Head name,145,18,Clan,,145
Kakamega,102,Shinyalu,115,Murhanda,163,St Gerald Injira Primary,800,Lucheo,246,3,First name Middle name Last Name / Nickname / Household Head name,146,First name Middle name Last Name,First name,Middle name,Last Name,Nickname,Household Head name,146,18,Clan,,146
Siaya,103,Gem,116,Central Gem,164,OLENGO PRIMARY,26,Owila,247,4,First name Middle name Last Name / Nickname / Household Head name,147,First name Middle name Last Name,First name,Middle name,Last Name,Nickname,Household Head name,147,18,Clan,,147
Siaya,103,Gem,116,Central Gem,164,OLENGO PRIMARY,26,Sinderema,248,4,First name Middle name Last Name / Nickname / Household Head name,148,First name Middle name Last Name,First name,Middle name,Last Name,Nickname,Household Head name,148,18,Clan,,148
Siaya,103,Gem,116,Central Gem,164,Shisia Academy,1094,Uyonga A,249,4,First name Middle name Last Name / Nickname / Household Head name,149,First name Middle name Last Name,First name,Middle name,Last Name,Nickname,Household Head name,149,18,Clan,,149
Siaya,103,Gem,116,Central Gem,164,Shisia Academy,1094,Uyonga B,250,4,First name Middle name Last Name / Nickname / Household Head name,150,First name Middle name Last Name,First name,Middle name,Last Name,Nickname,Household Head name,150,18,Clan,,150
Siaya,103,Gem,116,Central Gem,164,SIRIWO PRIMARY,360,Otwero A,251,4,First name Middle name Last Name / Nickname / Household Head name,151,First name Middle name Last Name,First name,Middle name,Last Name,Nickname,Household Head name,151,18,Clan,,151
Siaya,103,Gem,116,East Gem,165,MINDHINE PRIMARY,378,Mindhine,252,4,First name Middle name Last Name / Nickname / Household Head name,152,First name Middle name Last Name,First name,Middle name,Last Name,Nickname,Household Head name,152,18,Clan,,152
Siaya,103,Gem,116,East Gem,165,ONDING PRIMARY,223,Onding B,253,4,First name Middle name Last Name / Nickname / Household Head name,153,First name Middle name Last Name,First name,Middle name,Last Name,Nickname,Household Head name,153,18,Clan,,153
Siaya,103,Gem,116,North Gem,166,GOGO PRIMARY,173,Musembe,254,4,First name Middle name Last Name / Nickname / Household Head name,154,First name Middle name Last Name,First name,Middle name,Last Name,Nickname,Household Head name,154,18,Clan,,154
Siaya,103,Gem,116,North Gem,166,GOGO PRIMARY,173,Osula,255,4,First name Middle name Last Name / Nickname / Household Head name,155,First name Middle name Last Name,First name,Middle name,Last Name,Nickname,Household Head name,155,18,Clan,,155
Siaya,103,Gem,116,North Gem,166,INUKA MIXED BOARDING ACADEMY,478,Wamure group,256,4,First name Middle name Last Name / Nickname / Household Head name,156,First name Middle name Last Name,First name,Middle name,Last Name,Nickname,Household Head name,156,18,Clan,,156
Siaya,103,Gem,116,North Gem,166,NDEGWE PRIMARY,298,Ndengwe,257,4,First name Middle name Last Name / Nickname / Household Head name,157,First name Middle name Last Name,First name,Middle name,Last Name,Nickname,Household Head name,157,18,Clan,,157
Siaya,103,Gem,116,South Gem,167,MALELE PRIMARY,67,Got ogwang B2,258,4,First name Middle name Last Name / Nickname / Household Head name,158,First name Middle name Last Name,First name,Middle name,Last Name,Nickname,Household Head name,158,18,Clan,,158
Siaya,103,Gem,116,South Gem,167,ODOK RERA PRIMARY,254,Rera,259,4,First name Middle name Last Name / Nickname / Household Head name,159,First name Middle name Last Name,First name,Middle name,Last Name,Nickname,Household Head name,159,18,Clan,,159
Siaya,103,Gem,116,South Gem,167,OJWACH PRIMARY,287,Kobeto,260,4,First name Middle name Last Name / Nickname / Household Head name,160,First name Middle name Last Name,First name,Middle name,Last Name,Nickname,Household Head name,160,18,Clan,,160
Siaya,103,Gem,116,South Gem,167,OJWACH PRIMARY,287,Ojwach,261,4,First name Middle name Last Name / Nickname / Household Head name,161,First name Middle name Last Name,First name,Middle name,Last Name,Nickname,Household Head name,161,18,Clan,,161
Siaya,103,Gem,116,South Gem,167,OJWAYA PRIMARY,408,Kotiang A,262,4,First name Middle name Last Name / Nickname / Household Head name,162,First name Middle name Last Name,First name,Middle name,Last Name,Nickname,Household Head name,162,18,Clan,,162
Siaya,103,Gem,116,West Gem,168,BAR KAWANDU PRIMARY,431,Kamatindo B,263,4,First name Middle name Last Name / Nickname / Household Head name,163,First name Middle name Last Name,First name,Middle name,Last Name,Nickname,Household Head name,163,18,Clan,,163
Siaya,103,Gem,116,West Gem,168,BAR KAWANDU PRIMARY,431,Kawiri,264,4,First name Middle name Last Name / Nickname / Household Head name,164,First name Middle name Last Name,First name,Middle name,Last Name,Nickname,Household Head name,164,18,Clan,,164
Siaya,103,Gem,116,West Gem,168,OBER PRIMARY,149,Kachieng,265,4,First name Middle name Last Name / Nickname / Household Head name,165,First name Middle name Last Name,First name,Middle name,Last Name,Nickname,Household Head name,165,18,Clan,,165
Siaya,103,Gem,116,West Gem,168,OBER PRIMARY,149,Kamusau lower,266,4,First name Middle name Last Name / Nickname / Household Head name,166,First name Middle name Last Name,First name,Middle name,Last Name,Nickname,Household Head name,166,18,Clan,,166
Siaya,103,Gem,116,Yala Township,169,BAR SAURI PRIMARY,255,Sarika A,267,4,First name Middle name Last Name / Nickname / Household Head name,167,First name Middle name Last Name,First name,Middle name,Last Name,Nickname,Household Head name,167,18,Clan,,167
Siaya,103,Ugenya,117,East Ugenya,170,KONYA PRIMARY,121,Magombe,268,4,First name Middle name Last Name / Nickname / Household Head name,168,First name Middle name Last Name,First name,Middle name,Last Name,Nickname,Household Head name,168,18,Clan,,168
Siaya,103,Ugenya,117,East Ugenya,170,KONYA PRIMARY,121,Nyangera,269,4,First name Middle name Last Name / Nickname / Household Head name,169,First name Middle name Last Name,First name,Middle name,Last Name,Nickname,Household Head name,169,18,Clan,,169
Siaya,103,Ugenya,117,East Ugenya,170,LUANDA PRIMARY,215,Luanda village,270,4,First name Middle name Last Name / Nickname / Household Head name,170,First name Middle name Last Name,First name,Middle name,Last Name,Nickname,Household Head name,170,18,Clan,,170
Siaya,103,Ugenya,117,East Ugenya,170,LUANDA PRIMARY,215,Waldiema,271,4,First name Middle name Last Name / Nickname / Household Head name,171,First name Middle name Last Name,First name,Middle name,Last Name,Nickname,Household Head name,171,18,Clan,,171
Siaya,103,Ugenya,117,East Ugenya,170,SIRISIA PRIMARY,118,Luru/odenyo,272,4,First name Middle name Last Name / Nickname / Household Head name,172,First name Middle name Last Name,First name,Middle name,Last Name,Nickname,Household Head name,172,18,Clan,,172
Siaya,103,Ugenya,117,East Ugenya,170,SIRISIA PRIMARY,118,Sighai/awil,273,4,First name Middle name Last Name / Nickname / Household Head name,173,First name Middle name Last Name,First name,Middle name,Last Name,Nickname,Household Head name,173,18,Clan,,173
Siaya,103,Ugenya,117,East Ugenya,170,UMER PRIMARY,433,Umer A,274,4,First name Middle name Last Name / Nickname / Household Head name,174,First name Middle name Last Name,First name,Middle name,Last Name,Nickname,Household Head name,174,18,Clan,,174
Siaya,103,Ugenya,117,East Ugenya,170,UMER PRIMARY,433,Umer B,275,4,First name Middle name Last Name / Nickname / Household Head name,175,First name Middle name Last Name,First name,Middle name,Last Name,Nickname,Household Head name,175,18,Clan,,175
Siaya,103,Ugenya,117,North Ugenya,171,JERA PRIMARY,259,Ogol,276,4,First name Middle name Last Name / Nickname / Household Head name,176,First name Middle name Last Name,First name,Middle name,Last Name,Nickname,Household Head name,176,18,Clan,,176
Siaya,103,Ugenya,117,North Ugenya,171,JERA PRIMARY,259,Uliera,277,4,First name Middle name Last Name / Nickname / Household Head name,177,First name Middle name Last Name,First name,Middle name,Last Name,Nickname,Household Head name,177,18,Clan,,177
Siaya,103,Ugenya,117,North Ugenya,171,KAGONYA PRIMARY,140,Lwero,278,4,First name Middle name Last Name / Nickname / Household Head name,178,First name Middle name Last Name,First name,Middle name,Last Name,Nickname,Household Head name,178,18,Clan,,178
Siaya,103,Ugenya,117,North Ugenya,171,KAGONYA PRIMARY,140,Ulanda A,279,4,First name Middle name Last Name / Nickname / Household Head name,179,First name Middle name Last Name,First name,Middle name,Last Name,Nickname,Household Head name,179,18,Clan,,179
Siaya,103,Ugenya,117,North Ugenya,171,KOGERE PRIMARY,1,Ulore,280,4,First name Middle name Last Name / Nickname / Household Head name,180,First name Middle name Last Name,First name,Middle name,Last Name,Nickname,Household Head name,180,18,Clan,,180
Siaya,103,Ugenya,117,North Ugenya,171,SEGA TOWNSHIP PRIMARY,277,Murumba,281,4,First name Middle name Last Name / Nickname / Household Head name,181,First name Middle name Last Name,First name,Middle name,Last Name,Nickname,Household Head name,181,18,Clan,,181
Siaya,103,Ugenya,117,Ukwala,172,ST. MARY'S UKWALA BOYS PRIMARY,422,Kasideg,282,4,First name Middle name Last Name / Nickname / Household Head name,182,First name Middle name Last Name,First name,Middle name,Last Name,Nickname,Household Head name,182,18,Clan,,182
Siaya,103,Ugenya,117,Ukwala,172,ST. MARY'S UKWALA BOYS PRIMARY,422,Uranga,283,4,First name Middle name Last Name / Nickname / Household Head name,183,First name Middle name Last Name,First name,Middle name,Last Name,Nickname,Household Head name,183,18,Clan,,183
Siaya,103,Ugenya,117,West Ugenya,173,HAFUMBRE PRIMARY,98,Milambo,284,4,First name Middle name Last Name / Nickname / Household Head name,184,First name Middle name Last Name,First name,Middle name,Last Name,Nickname,Household Head name,184,18,Clan,,184
Siaya,103,Ugenya,117,West Ugenya,173,HAFUMBRE PRIMARY,98,Ung'anya,285,4,First name Middle name Last Name / Nickname / Household Head name,185,First name Middle name Last Name,First name,Middle name,Last Name,Nickname,Household Head name,185,18,Clan,,185
Siaya,103,Ugenya,117,West Ugenya,173,HARUNGU PRIMARY,81,Marenyo A,286,4,First name Middle name Last Name / Nickname / Household Head name,186,First name Middle name Last Name,First name,Middle name,Last Name,Nickname,Household Head name,186,18,Clan,,186
Siaya,103,Ugenya,117,West Ugenya,173,MAGOMBE PRIMARY,112,Magombe A,287,4,First name Middle name Last Name / Nickname / Household Head name,187,First name Middle name Last Name,First name,Middle name,Last Name,Nickname,Household Head name,187,18,Clan,,187
Siaya,103,Ugenya,117,West Ugenya,173,MAGOMBE PRIMARY,112,Usudia,288,4,First name Middle name Last Name / Nickname / Household Head name,188,First name Middle name Last Name,First name,Middle name,Last Name,Nickname,Household Head name,188,18,Clan,,188
Siaya,103,Ugenya,117,West Ugenya,173,PAP-OLANG' PRIMARY,51,Umine,289,4,First name Middle name Last Name / Nickname / Household Head name,189,First name Middle name Last Name,First name,Middle name,Last Name,Nickname,Household Head name,189,18,Clan,,189
Siaya,103,Ugunja,118,Sidindi,174,RANG'ALA GIRLS PRIMARY,278,Hataro,290,4,First name Middle name Last Name / Nickname / Household Head name,190,First name Middle name Last Name,First name,Middle name,Last Name,Nickname,Household Head name,190,18,Clan,,190
Siaya,103,Ugunja,118,Sidindi,174,RANG'ALA GIRLS PRIMARY,278,Rarieda,291,4,First name Middle name Last Name / Nickname / Household Head name,191,First name Middle name Last Name,First name,Middle name,Last Name,Nickname,Household Head name,191,18,Clan,,191
Siaya,103,Ugunja,118,Sidindi,174,RUWE PRIMARY,447,Nyagera,292,4,First name Middle name Last Name / Nickname / Household Head name,192,First name Middle name Last Name,First name,Middle name,Last Name,Nickname,Household Head name,192,18,Clan,,192
Siaya,103,Ugunja,118,Sidindi,174,ST. ANTHONY ULUTHE PRIMARY SCH,343,Siriwo,293,4,First name Middle name Last Name / Nickname / Household Head name,193,First name Middle name Last Name,First name,Middle name,Last Name,Nickname,Household Head name,193,18,Clan,,193
Siaya,103,Ugunja,118,Sigomere,175,GOT OSIMBO PRIMARY,210,Got Osimbo,294,4,First name Middle name Last Name / Nickname / Household Head name,194,First name Middle name Last Name,First name,Middle name,Last Name,Nickname,Household Head name,194,18,Clan,,194
Siaya,103,Ugunja,118,Sigomere,175,LURU PRIMARY,103,Luru B,295,4,First name Middle name Last Name / Nickname / Household Head name,195,First name Middle name Last Name,First name,Middle name,Last Name,Nickname,Household Head name,195,18,Clan,,195
Siaya,103,Ugunja,118,Ugunja,176,MBOSIE PRIMARY,449,Iseme,296,4,First name Middle name Last Name / Nickname / Household Head name,196,First name Middle name Last Name,First name,Middle name,Last Name,Nickname,Household Head name,196,18,Clan,,196
Siaya,103,Ugunja,118,Ugunja,176,MBOSIE PRIMARY,449,Uluthe,297,4,First name Middle name Last Name / Nickname / Household Head name,197,First name Middle name Last Name,First name,Middle name,Last Name,Nickname,Household Head name,197,18,Clan,,197
Siaya,103,Ugunja,118,Ugunja,176,NGUNYA PRIMARY,70,Mundindi,298,4,First name Middle name Last Name / Nickname / Household Head name,198,First name Middle name Last Name,First name,Middle name,Last Name,Nickname,Household Head name,198,18,Clan,,198
Siaya,103,Ugunja,118,Ugunja,176,NGUNYA PRIMARY,70,Nyamasare B,299,4,First name Middle name Last Name / Nickname / Household Head name,199,First name Middle name Last Name,First name,Middle name,Last Name,Nickname,Household Head name,199,18,Clan,,199
Siaya,103,Ugunja,118,Ugunja,176,RADUODI PRIMARY,164,Umala lower,300,4,First name Middle name Last Name / Nickname / Household Head name,200,First name Middle name Last Name,First name,Middle name,Last Name,Nickname,Household Head name,200,18,Clan,,200
